student_id,full_name,email,program
02230001,Pema Wangmo,pema.wangmo@example.edu,BIT
02230002,Tandin Dorji,tandin.dorji@example.edu,BSCS
02230003,Sonam Choden,sonam.choden@example.edu,BBA
02230004,Karma Tshering,karma.tshering@example.edu,BIT
02230005,Dechen Wangmo,dechen.wangmo@example.edu,BSCS
02230006,Jigme Namgyel,jigme.namgyel@example.edu,BCA
02230007,Choki Lhamo,choki.lhamo@example.edu,BIT
02230008,Tshering Penjor,tshering.penjor@example.edu,BBA
02230009,Kinley Wangchuk,kinley.wangchuk@example.edu,BSCS
02230010,Phuntsho Dema,phuntsho.dema@example.edu,BCA
02230011,Yangchen Lhamo,yangchen.lhamo@example.edu,BIT
02230012,Nima Dorji,nima.dorji@example.edu,BSCS
